filename,width,height,class,xmin,ymin,xmax,ymax
0026.jpg,1152,864,computer,977,366,1152,658
0026.jpg,1152,864,computer,817,370,1035,711
0026.jpg,1152,864,computer,636,384,786,682
0026.jpg,1152,864,monitor,759,121,1097,425
0026.jpg,1152,864,drawer chest,324,361,597,707
0026.jpg,1152,864,water dispenser,106,280,348,657
0026.jpg,1152,864,scuttlebutt,81,73,265,295
0026.jpg,1152,864,scuttlebutt,1,492,120,721
0122.jpg,1152,864,computer,928,586,1067,811
0122.jpg,1152,864,computer,789,566,924,808
0122.jpg,1152,864,computer,653,571,743,795
0122.jpg,1152,864,monitor,749,404,959,599
0122.jpg,1152,864,drawer chest,432,542,611,793
0122.jpg,1152,864,water dispenser,277,455,416,743
0122.jpg,1152,864,scuttlebutt,299,336,412,476
0122.jpg,1152,864,scuttlebutt,142,576,241,762
0122.jpg,1152,864,scuttlebutt,54,562,150,725
0122.jpg,1152,864,scuttlebutt,1,571,41,731
0154.jpg,1152,864,computer,904,574,1027,848
0154.jpg,1152,864,computer,737,545,863,832
0154.jpg,1152,864,computer,572,541,684,788
0154.jpg,1152,864,monitor,696,365,954,590
0154.jpg,1152,864,drawer chest,343,492,561,770
0154.jpg,1152,864,water dispenser,235,403,363,686
0154.jpg,1152,864,scuttlebutt,246,270,360,421
0154.jpg,1152,864,scuttlebutt,84,513,194,692
0154.jpg,1152,864,scuttlebutt,30,487,124,651
0146.jpg,1152,864,computer,794,455,899,690
0146.jpg,1152,864,computer,643,424,734,685
0146.jpg,1152,864,computer,473,425,597,650
0146.jpg,1152,864,monitor,594,240,834,463
0146.jpg,1152,864,drawer chest,248,379,460,651
0146.jpg,1152,864,water dispenser,128,298,269,568
0146.jpg,1152,864,scuttlebutt,129,140,250,303
0146.jpg,1152,864,scuttlebutt,5,393,101,592
0083.jpg,1152,864,computer,994,525,1140,756
0083.jpg,1152,864,computer,820,503,963,740
0083.jpg,1152,864,computer,674,493,816,708
0083.jpg,1152,864,monitor,802,339,1024,535
0083.jpg,1152,864,drawer chest,463,456,638,668
0083.jpg,1152,864,water dispenser,414,385,530,622
0083.jpg,1152,864,scuttlebutt,420,262,508,400
0083.jpg,1152,864,scuttlebutt,304,453,383,616
0083.jpg,1152,864,scuttlebutt,256,446,336,614
0083.jpg,1152,864,scuttlebutt,163,451,250,590
0142.jpg,1152,864,computer,874,539,1013,746
0142.jpg,1152,864,computer,751,523,886,767
0142.jpg,1152,864,monitor,716,352,918,550
0142.jpg,1152,864,computer,606,524,708,761
0142.jpg,1152,864,drawer chest,384,492,572,771
0142.jpg,1152,864,water dispenser,201,423,345,735
0142.jpg,1152,864,scuttlebutt,213,285,337,442
0142.jpg,1152,864,scuttlebutt,37,549,162,766
0142.jpg,1152,864,scuttlebutt,1,571,68,730
0063.jpg,1152,864,computer,895,347,1076,572
0063.jpg,1152,864,computer,762,346,888,607
0063.jpg,1152,864,computer,600,353,702,597
0063.jpg,1152,864,monitor,729,152,958,382
0063.jpg,1152,864,drawer chest,303,328,530,612
0063.jpg,1152,864,water dispenser,166,251,337,578
0063.jpg,1152,864,scuttlebutt,143,63,301,256
0063.jpg,1152,864,scuttlebutt,1,402,142,632
0011.jpg,1152,864,computer,828,376,950,580
0011.jpg,1152,864,computer,712,367,831,602
0011.jpg,1152,864,computer,577,374,674,590
0011.jpg,1152,864,monitor,671,199,894,418
0011.jpg,1152,864,drawer chest,356,349,530,591
0011.jpg,1152,864,water dispenser,178,268,335,557
0011.jpg,1152,864,scuttlebutt,174,112,299,279
0011.jpg,1152,864,scuttlebutt,28,388,153,590
0011.jpg,1152,864,scuttlebutt,3,409,39,595
0010.jpg,1152,864,computer,626,395,723,630
0010.jpg,1152,864,computer,767,389,920,678
0010.jpg,1152,864,computer,903,397,1041,627
0010.jpg,1152,864,monitor,724,200,989,440
0010.jpg,1152,864,drawer chest,372,370,573,646
0010.jpg,1152,864,water dispenser,196,286,361,586
0010.jpg,1152,864,scuttlebutt,188,119,324,297
0010.jpg,1152,864,scuttlebutt,37,418,176,628
0010.jpg,1152,864,scuttlebutt,3,429,61,605
0048.jpg,1152,864,computer,1012,379,1152,570
0048.jpg,1152,864,computer,908,372,1077,610
0048.jpg,1152,864,computer,782,384,907,612
0048.jpg,1152,864,monitor,918,199,1093,406
0048.jpg,1152,864,drawer chest,531,366,751,637
0048.jpg,1152,864,water dispenser,395,283,531,618
0048.jpg,1152,864,scuttlebutt,381,101,521,291
0048.jpg,1152,864,scuttlebutt,212,433,357,673
0048.jpg,1152,864,scuttlebutt,35,419,178,661
0119.jpg,1152,864,computer,977,484,1116,738
0119.jpg,1152,864,computer,827,473,926,716
0119.jpg,1152,864,monitor,930,303,1152,525
0119.jpg,1152,864,drawer chest,609,437,806,703
0119.jpg,1152,864,water dispenser,477,369,599,629
0119.jpg,1152,864,scuttlebutt,477,235,586,381
0119.jpg,1152,864,scuttlebutt,347,465,431,638
0119.jpg,1152,864,scuttlebutt,276,451,359,616
0119.jpg,1152,864,scuttlebutt,157,448,255,598
0140.jpg,1152,864,computer,967,435,1138,720
0140.jpg,1152,864,computer,804,428,913,687
0140.jpg,1152,864,monitor,955,245,1152,479
0140.jpg,1152,864,drawer chest,574,393,780,684
0140.jpg,1152,864,water dispenser,402,301,527,594
0140.jpg,1152,864,scuttlebutt,400,140,514,317
0140.jpg,1152,864,scuttlebutt,239,417,348,620
0140.jpg,1152,864,scuttlebutt,135,394,242,596
0140.jpg,1152,864,scuttlebutt,1,381,117,568
0113.jpg,1152,864,computer,1029,442,1150,682
0113.jpg,1152,864,computer,881,424,1018,664
0113.jpg,1152,864,computer,744,412,822,633
0113.jpg,1152,864,monitor,858,241,1078,463
0113.jpg,1152,864,drawer chest,529,372,720,629
0113.jpg,1152,864,water dispenser,397,299,511,560
0113.jpg,1152,864,scuttlebutt,407,166,514,317
0113.jpg,1152,864,scuttlebutt,264,400,358,570
0113.jpg,1152,864,scuttlebutt,189,378,272,548
0113.jpg,1152,864,scuttlebutt,61,367,168,533
0111.jpg,1152,864,computer,1015,546,1151,771
0111.jpg,1152,864,computer,878,530,1022,774
0111.jpg,1152,864,computer,734,538,835,761
0111.jpg,1152,864,monitor,824,367,1055,566
0111.jpg,1152,864,drawer chest,521,505,704,766
0111.jpg,1152,864,water dispenser,375,442,510,708
0111.jpg,1152,864,scuttlebutt,381,310,481,464
0111.jpg,1152,864,scuttlebutt,251,557,342,741
0111.jpg,1152,864,scuttlebutt,169,543,266,723
0111.jpg,1152,864,scuttlebutt,50,547,151,705
0035.jpg,1152,864,computer,876,550,1073,826
0035.jpg,1152,864,computer,705,535,845,845
0035.jpg,1152,864,computer,518,538,675,821
0035.jpg,1152,864,monitor,655,344,919,586
0035.jpg,1152,864,drawer chest,200,502,475,805
0035.jpg,1152,864,water dispenser,120,418,307,743
0035.jpg,1152,864,scuttlebutt,118,258,274,450
0035.jpg,1152,864,scuttlebutt,1,544,109,777
0043.jpg,1152,864,computer,839,409,1010,622
0043.jpg,1152,864,computer,723,418,904,664
0043.jpg,1152,864,computer,596,439,717,686
0043.jpg,1152,864,drawer chest,315,423,559,745
0043.jpg,1152,864,water dispenser,125,349,313,726
0043.jpg,1152,864,scuttlebutt,111,127,310,360
0043.jpg,1152,864,scuttlebutt,1,580,96,844
0043.jpg,1152,864,monitor,736,239,901,461
0032.jpg,1152,864,computer,863,399,1054,631
0032.jpg,1152,864,computer,734,392,847,662
0032.jpg,1152,864,computer,555,388,660,659
0032.jpg,1152,864,monitor,685,191,922,440
0032.jpg,1152,864,drawer chest,220,382,481,688
0032.jpg,1152,864,water dispenser,82,287,260,641
0032.jpg,1152,864,scuttlebutt,76,97,250,303
0032.jpg,1152,864,scuttlebutt,1,478,74,693
0144.jpg,1152,864,computer,900,479,1034,760
0144.jpg,1152,864,computer,739,454,869,755
0144.jpg,1152,864,computer,559,445,666,712
0144.jpg,1152,864,monitor,686,246,955,500
0144.jpg,1152,864,drawer chest,295,406,530,705
0144.jpg,1152,864,water dispenser,141,305,288,623
0144.jpg,1152,864,scuttlebutt,143,138,279,315
0144.jpg,1152,864,scuttlebutt,1,432,112,645
0148.jpg,1152,864,computer,756,630,886,864
0148.jpg,1152,864,computer,613,593,720,864
0148.jpg,1152,864,computer,442,590,562,832
0148.jpg,1152,864,monitor,560,423,789,643
0148.jpg,1152,864,drawer chest,215,541,429,835
0148.jpg,1152,864,water dispenser,115,467,221,753
0148.jpg,1152,864,scuttlebutt,119,331,232,472
0148.jpg,1152,864,scuttlebutt,1,602,73,774
0064.jpg,1152,864,computer,865,337,1046,557
0064.jpg,1152,864,computer,752,339,877,590
0064.jpg,1152,864,computer,606,344,705,608
0064.jpg,1152,864,monitor,719,148,931,379
0064.jpg,1152,864,drawer chest,304,332,525,619
0064.jpg,1152,864,water dispenser,146,253,357,594
0064.jpg,1152,864,scuttlebutt,128,64,289,278
0064.jpg,1152,864,scuttlebutt,1,407,146,669
0093.jpg,1152,864,computer,940,390,1124,590
0093.jpg,1152,864,computer,837,388,1022,641
0093.jpg,1152,864,computer,701,411,851,654
0093.jpg,1152,864,monitor,852,211,1012,436
0093.jpg,1152,864,drawer chest,467,401,701,706
0093.jpg,1152,864,drawer chest,278,322,479,689
0093.jpg,1152,864,scuttlebutt,275,112,439,335
0093.jpg,1152,864,scuttlebutt,101,504,285,796
0036.jpg,1152,864,computer,833,311,1004,576
0036.jpg,1152,864,computer,625,291,788,584
0036.jpg,1152,864,computer,444,290,618,540
0036.jpg,1152,864,monitor,593,71,870,342
0036.jpg,1152,864,drawer chest,138,245,414,530
0036.jpg,1152,864,water dispenser,68,149,241,478
0036.jpg,1152,864,scuttlebutt,45,1,217,162
0036.jpg,1152,864,scuttlebutt,1,305,88,485
0132.jpg,1152,864,computer,1019,393,1152,714
0132.jpg,1152,864,computer,820,401,946,693
0132.jpg,1152,864,drawer chest,537,370,781,693
0132.jpg,1152,864,water dispenser,383,283,559,610
0132.jpg,1152,864,scuttlebutt,255,425,373,628
0132.jpg,1152,864,scuttlebutt,185,408,295,593
0132.jpg,1152,864,scuttlebutt,66,410,182,578
0132.jpg,1152,864,scuttlebutt,380,134,509,304
0132.jpg,1152,864,monitor,964,154,1152,451
0019.jpg,1152,864,computer,978,462,1090,723
0019.jpg,1152,864,computer,789,440,922,721
0019.jpg,1152,864,computer,649,429,762,669
0019.jpg,1152,864,monitor,755,248,1026,486
0019.jpg,1152,864,drawer chest,425,391,628,644
0019.jpg,1152,864,drawer chest,319,312,471,579
0019.jpg,1152,864,scuttlebutt,327,171,435,324
0019.jpg,1152,864,scuttlebutt,193,413,292,580
0019.jpg,1152,864,scuttlebutt,132,397,228,551
0019.jpg,1152,864,scuttlebutt,33,387,131,543
0012.jpg,1152,864,computer,570,561,668,796
0012.jpg,1152,864,computer,711,558,847,808
0012.jpg,1152,864,computer,828,564,962,790
0012.jpg,1152,864,monitor,662,391,891,601
0012.jpg,1152,864,drawer chest,332,534,525,803
0012.jpg,1152,864,water dispenser,166,460,314,765
0012.jpg,1152,864,scuttlebutt,177,314,289,463
0012.jpg,1152,864,scuttlebutt,3,582,121,804
0056.jpg,1152,864,computer,842,618,987,864
0056.jpg,1152,864,computer,656,605,803,846
0056.jpg,1152,864,monitor,628,429,854,634
0056.jpg,1152,864,computer,511,593,659,812
0056.jpg,1152,864,drawer chest,292,544,492,805
0056.jpg,1152,864,water dispenser,251,474,357,737
0056.jpg,1152,864,scuttlebutt,251,352,362,494
0056.jpg,1152,864,scuttlebutt,129,571,216,738
0056.jpg,1152,864,scuttlebutt,60,547,157,704
0056.jpg,1152,864,scuttlebutt,1,550,70,688
0096.jpg,1152,864,drawer chest,868,340,1152,678
0096.jpg,1152,864,water dispenser,696,238,862,632
0096.jpg,1152,864,scuttlebutt,724,11,893,257
0096.jpg,1152,864,scuttlebutt,528,422,674,718
0096.jpg,1152,864,scuttlebutt,310,402,469,680
0096.jpg,1152,864,scuttlebutt,58,417,245,707
0134.jpg,1152,864,computer,952,469,1110,749
0134.jpg,1152,864,drawer chest,735,427,963,766
0134.jpg,1152,864,scuttlebutt,523,208,661,391
0134.jpg,1152,864,water dispenser,513,350,661,673
0134.jpg,1152,864,scuttlebutt,392,492,496,700
0134.jpg,1152,864,scuttlebutt,283,478,395,666
0134.jpg,1152,864,scuttlebutt,151,480,262,659
0100.jpg,1152,864,computer,903,438,1110,666
0100.jpg,1152,864,computer,780,434,945,708
0100.jpg,1152,864,computer,630,455,755,720
0100.jpg,1152,864,monitor,778,248,974,484
0100.jpg,1152,864,drawer chest,302,442,563,778
0100.jpg,1152,864,water dispenser,134,353,332,744
0100.jpg,1152,864,scuttlebutt,120,152,297,374
0100.jpg,1152,864,scuttlebutt,1,595,107,842
0054.jpg,1152,864,computer,977,495,1152,781
0054.jpg,1152,864,computer,774,470,933,789
0054.jpg,1152,864,computer,602,464,770,747
0054.jpg,1152,864,monitor,755,281,1034,533
0054.jpg,1152,864,drawer chest,318,412,552,714
0054.jpg,1152,864,water dispenser,245,320,405,647
0054.jpg,1152,864,scuttlebutt,258,163,383,354
0054.jpg,1152,864,scuttlebutt,106,438,218,637
0054.jpg,1152,864,scuttlebutt,26,405,148,584
0094.jpg,1152,864,computer,913,364,1090,590
0094.jpg,1152,864,computer,806,385,949,608
0094.jpg,1152,864,monitor,954,198,1079,406
0094.jpg,1152,864,drawer chest,591,377,822,651
0094.jpg,1152,864,water dispenser,438,303,605,638
0094.jpg,1152,864,scuttlebutt,445,115,585,308
0094.jpg,1152,864,scuttlebutt,301,464,448,719
0094.jpg,1152,864,scuttlebutt,99,470,258,731
0110.jpg,1152,864,computer,903,531,1030,753
0110.jpg,1152,864,computer,774,515,904,760
0110.jpg,1152,864,computer,633,531,727,753
0110.jpg,1152,864,scuttlebutt,734,353,944,560
0110.jpg,1152,864,drawer chest,414,506,608,760
0110.jpg,1152,864,water dispenser,277,435,399,706
0110.jpg,1152,864,scuttlebutt,282,305,387,444
0110.jpg,1152,864,scuttlebutt,137,546,233,732
0110.jpg,1152,864,scuttlebutt,50,532,145,714
0110.jpg,1152,864,scuttlebutt,1,573,38,709
0052.jpg,1152,864,computer,945,402,1152,679
0052.jpg,1152,864,computer,808,386,946,697
0052.jpg,1152,864,computer,607,398,737,680
0052.jpg,1152,864,monitor,760,173,1025,451
0052.jpg,1152,864,drawer chest,269,363,536,679
0052.jpg,1152,864,water dispenser,142,264,318,628
0052.jpg,1152,864,scuttlebutt,116,66,313,289
0052.jpg,1152,864,scuttlebutt,1,422,130,668
0007.jpg,1152,864,computer,807,525,933,803
0007.jpg,1152,864,computer,623,500,777,848
0007.jpg,1152,864,computer,482,494,601,774
0007.jpg,1152,864,drawer chest,210,460,458,773
0007.jpg,1152,864,scuttlebutt,82,213,224,388
0007.jpg,1152,864,water dispenser,87,382,239,691
0007.jpg,1152,864,scuttlebutt,2,507,58,706
0007.jpg,1152,864,monitor,577,311,861,568
0045.jpg,1152,864,computer,896,409,1081,626
0045.jpg,1152,864,computer,775,413,937,672
0045.jpg,1152,864,computer,638,432,760,685
0045.jpg,1152,864,monitor,784,233,960,458
0045.jpg,1152,864,drawer chest,353,418,588,750
0045.jpg,1152,864,water dispenser,171,330,356,712
0045.jpg,1152,864,scuttlebutt,147,129,336,350
0045.jpg,1152,864,scuttlebutt,1,528,136,831
0073.jpg,1152,864,computer,980,471,1128,738
0073.jpg,1152,864,drawer chest,700,435,934,764
0073.jpg,1152,864,water dispenser,558,341,697,704
0073.jpg,1152,864,scuttlebutt,559,172,694,372
0073.jpg,1152,864,scuttlebutt,374,508,507,767
0073.jpg,1152,864,scuttlebutt,213,485,344,720
0073.jpg,1152,864,scuttlebutt,8,491,157,724
0145.jpg,1152,864,computer,810,487,929,755
0145.jpg,1152,864,computer,653,466,774,762
0145.jpg,1152,864,computer,468,466,597,711
0145.jpg,1152,864,monitor,604,272,848,516
0145.jpg,1152,864,drawer chest,220,419,449,701
0145.jpg,1152,864,water dispenser,89,326,241,640
0145.jpg,1152,864,scuttlebutt,94,172,229,333
0145.jpg,1152,864,scuttlebutt,1,457,75,658
0016.jpg,1152,864,computer,854,614,960,864
0016.jpg,1152,864,computer,671,600,811,864
0016.jpg,1152,864,computer,532,600,653,851
0016.jpg,1152,864,drawer chest,291,571,519,843
0016.jpg,1152,864,water dispenser,192,498,330,781
0016.jpg,1152,864,scuttlebutt,198,362,304,499
0016.jpg,1152,864,scuttlebutt,57,608,162,805
0016.jpg,1152,864,scuttlebutt,1,593,95,773
0016.jpg,1152,864,monitor,626,421,876,658
0129.jpg,1152,864,computer,849,514,974,798
0129.jpg,1152,864,computer,679,491,808,788
0129.jpg,1152,864,computer,507,495,649,758
0129.jpg,1152,864,monitor,616,301,878,549
0129.jpg,1152,864,drawer chest,272,464,504,742
0129.jpg,1152,864,water dispenser,164,384,322,690
0129.jpg,1152,864,scuttlebutt,164,246,279,409
0129.jpg,1152,864,scuttlebutt,52,506,155,692
0129.jpg,1152,864,scuttlebutt,1,482,86,655
0131.jpg,1152,864,computer,961,378,1122,722
0131.jpg,1152,864,computer,751,377,874,652
0131.jpg,1152,864,monitor,901,136,1152,429
0131.jpg,1152,864,drawer chest,492,328,720,626
0131.jpg,1152,864,water dispenser,364,234,513,532
0131.jpg,1152,864,scuttlebutt,360,66,488,258
0131.jpg,1152,864,scuttlebutt,230,352,346,542
0131.jpg,1152,864,scuttlebutt,164,326,270,504
0131.jpg,1152,864,scuttlebutt,77,320,167,475
0089.jpg,1152,864,computer,854,330,1077,592
0089.jpg,1152,864,computer,717,313,859,624
0089.jpg,1152,864,computer,517,331,668,625
0089.jpg,1152,864,monitor,676,96,934,378
0089.jpg,1152,864,water dispenser,4,217,202,601
0089.jpg,1152,864,drawer chest,136,300,437,643
0089.jpg,1152,864,scuttlebutt,1,1,158,220
0095.jpg,1152,864,computer,920,404,1079,617
0095.jpg,1152,864,computer,812,417,960,642
0095.jpg,1152,864,monitor,944,248,1078,429
0095.jpg,1152,864,drawer chest,617,405,839,678
0095.jpg,1152,864,water dispenser,482,336,635,662
0095.jpg,1152,864,scuttlebutt,499,167,624,351
0095.jpg,1152,864,scuttlebutt,167,485,303,728
0095.jpg,1152,864,scuttlebutt,359,490,486,731
0095.jpg,1152,864,scuttlebutt,1,559,101,792
0013.jpg,1152,864,computer,513,580,610,812
0013.jpg,1152,864,computer,655,573,787,836
0013.jpg,1152,864,computer,759,576,896,798
0013.jpg,1152,864,monitor,607,406,820,627
0013.jpg,1152,864,drawer chest,275,554,466,822
0013.jpg,1152,864,water dispenser,95,484,248,794
0013.jpg,1152,864,scuttlebutt,103,325,232,496
0013.jpg,1152,864,scuttlebutt,1,655,47,835
0137.jpg,1152,864,computer,1014,426,1152,670
0137.jpg,1152,864,computer,865,416,1032,678
0137.jpg,1152,864,computer,715,420,835,678
0137.jpg,1152,864,drawer chest,486,400,689,691
0137.jpg,1152,864,monitor,851,227,1079,465
0137.jpg,1152,864,water dispenser,287,320,448,637
0137.jpg,1152,864,scuttlebutt,283,156,415,338
0137.jpg,1152,864,scuttlebutt,135,463,264,670
0137.jpg,1152,864,scuttlebutt,12,434,148,630
0068.jpg,1152,864,computer,943,498,1092,774
0068.jpg,1152,864,drawer chest,664,478,898,806
0068.jpg,1152,864,water dispenser,514,389,667,755
0068.jpg,1152,864,scuttlebutt,517,224,653,419
0068.jpg,1152,864,scuttlebutt,338,556,477,822
0068.jpg,1152,864,scuttlebutt,171,540,301,791
0068.jpg,1152,864,scuttlebutt,1,555,122,812
0046.jpg,1152,864,computer,1055,424,1152,638
0046.jpg,1152,864,computer,926,427,1116,705
0046.jpg,1152,864,computer,776,436,907,707
0046.jpg,1152,864,monitor,943,232,1137,477
0046.jpg,1152,864,drawer chest,489,426,717,746
0046.jpg,1152,864,water dispenser,322,335,497,704
0046.jpg,1152,864,scuttlebutt,325,142,464,351
0046.jpg,1152,864,scuttlebutt,102,512,286,802
0046.jpg,1152,864,scuttlebutt,2,500,101,746
0084.jpg,1152,864,computer,902,494,1047,717
0084.jpg,1152,864,computer,739,475,872,713
0084.jpg,1152,864,computer,595,472,727,672
0084.jpg,1152,864,monitor,711,318,929,509
0084.jpg,1152,864,drawer chest,378,436,556,646
0084.jpg,1152,864,water dispenser,330,361,437,600
0084.jpg,1152,864,scuttlebutt,334,242,437,385
0084.jpg,1152,864,scuttlebutt,211,455,307,611
0084.jpg,1152,864,scuttlebutt,162,437,247,585
0084.jpg,1152,864,scuttlebutt,61,430,155,570
0104.jpg,1152,864,computer,1047,465,1152,774
0104.jpg,1152,864,computer,859,445,992,759
0104.jpg,1152,864,monitor,1023,225,1152,514
0104.jpg,1152,864,drawer chest,599,400,806,731
0104.jpg,1152,864,water dispenser,413,306,555,648
0104.jpg,1152,864,scuttlebutt,419,133,566,329
0104.jpg,1152,864,scuttlebutt,245,437,373,659
0104.jpg,1152,864,scuttlebutt,157,417,286,612
0104.jpg,1152,864,scuttlebutt,21,417,135,602
0015.jpg,1152,864,computer,736,478,831,715
0015.jpg,1152,864,computer,554,463,710,759
0015.jpg,1152,864,computer,434,469,553,719
0015.jpg,1152,864,monitor,513,287,752,512
0015.jpg,1152,864,drawer chest,177,444,426,704
0015.jpg,1152,864,water dispenser,70,370,233,658
0015.jpg,1152,864,scuttlebutt,67,220,192,392
0015.jpg,1152,864,scuttlebutt,1,516,66,682
0006.jpg,1152,864,computer,621,523,717,806
0006.jpg,1152,864,computer,776,524,940,851
0006.jpg,1152,864,computer,922,547,1079,822
0006.jpg,1152,864,monitor,727,330,1021,602
0006.jpg,1152,864,drawer chest,333,481,555,803
0006.jpg,1152,864,scuttlebutt,168,226,309,401
0006.jpg,1152,864,water dispenser,157,389,332,736
0006.jpg,1152,864,scuttlebutt,1,523,124,770
0151.jpg,1152,864,computer,966,359,1102,622
0151.jpg,1152,864,computer,795,327,935,596
0151.jpg,1152,864,computer,636,315,764,545
0151.jpg,1152,864,monitor,774,109,1071,372
0151.jpg,1152,864,drawer chest,422,256,634,521
0151.jpg,1152,864,water dispenser,315,155,450,437
0151.jpg,1152,864,scuttlebutt,323,9,449,180
0151.jpg,1152,864,scuttlebutt,184,260,289,435
0151.jpg,1152,864,scuttlebutt,128,235,217,408
0151.jpg,1152,864,scuttlebutt,29,222,124,371
0153.jpg,1152,864,computer,902,472,1023,737
0153.jpg,1152,864,computer,750,450,863,723
0153.jpg,1152,864,computer,581,452,691,688
0153.jpg,1152,864,monitor,695,266,962,497
0153.jpg,1152,864,drawer chest,350,411,560,671
0153.jpg,1152,864,water dispenser,229,324,367,605
0153.jpg,1152,864,scuttlebutt,233,185,356,342
0153.jpg,1152,864,scuttlebutt,95,434,208,620
0153.jpg,1152,864,scuttlebutt,35,416,143,592
0014.jpg,1152,864,computer,933,592,1079,820
0014.jpg,1152,864,computer,806,584,959,844
0014.jpg,1152,864,computer,669,584,770,836
0014.jpg,1152,864,drawer chest,439,557,618,824
0014.jpg,1152,864,water dispenser,283,481,412,776
0014.jpg,1152,864,scuttlebutt,287,338,414,501
0014.jpg,1152,864,scuttlebutt,118,601,232,817
0014.jpg,1152,864,scuttlebutt,16,587,124,775
0014.jpg,1152,864,monitor,763,417,1006,630
0024.jpg,1152,864,computer,875,546,999,853
0024.jpg,1152,864,computer,656,513,824,864
0024.jpg,1152,864,computer,489,510,631,813
0024.jpg,1152,864,monitor,601,297,925,583
0024.jpg,1152,864,drawer chest,202,470,474,783
0024.jpg,1152,864,water dispenser,96,374,261,700
0024.jpg,1152,864,scuttlebutt,98,208,243,384
0024.jpg,1152,864,scuttlebutt,1,542,71,706
0101.jpg,1152,864,computer,980,504,1152,751
0101.jpg,1152,864,computer,844,498,1025,795
0101.jpg,1152,864,computer,696,518,820,800
0101.jpg,1152,864,monitor,840,306,1054,556
0101.jpg,1152,864,drawer chest,379,490,613,821
0101.jpg,1152,864,water dispenser,220,412,393,797
0101.jpg,1152,864,scuttlebutt,199,209,380,423
0101.jpg,1152,864,scuttlebutt,2,588,166,863
0055.jpg,1152,864,computer,856,565,999,808
0055.jpg,1152,864,computer,677,542,817,801
0055.jpg,1152,864,computer,515,536,672,762
0055.jpg,1152,864,monitor,648,372,882,590
0055.jpg,1152,864,drawer chest,285,483,491,751
0055.jpg,1152,864,water dispenser,243,414,375,671
0055.jpg,1152,864,scuttlebutt,237,277,358,429
0055.jpg,1152,864,scuttlebutt,109,505,206,693
0055.jpg,1152,864,scuttlebutt,45,482,133,629
0055.jpg,1152,864,scuttlebutt,1,511,36,626
0135.jpg,1152,864,computer,884,594,1032,864
0135.jpg,1152,864,computer,1070,591,1151,864
0135.jpg,1152,864,monitor,1040,407,1152,647
0135.jpg,1152,864,drawer chest,675,554,880,864
0135.jpg,1152,864,water dispenser,487,482,621,794
0135.jpg,1152,864,scuttlebutt,481,329,598,505
0135.jpg,1152,864,scuttlebutt,331,610,436,818
0135.jpg,1152,864,scuttlebutt,225,587,327,772
0135.jpg,1152,864,scuttlebutt,83,581,203,763
0087.jpg,1152,864,computer,848,417,1093,754
0087.jpg,1152,864,computer,641,395,808,769
0087.jpg,1152,864,computer,395,404,600,734
0087.jpg,1152,864,monitor,588,123,912,457
0087.jpg,1152,864,drawer chest,1,345,358,732
0087.jpg,1152,864,scuttlebutt,1,16,87,247
0087.jpg,1152,864,water dispenser,1,239,118,655
0070.jpg,1152,864,computer,867,480,1028,728
0070.jpg,1152,864,computer,983,475,1152,687
0070.jpg,1152,864,computer,731,487,864,743
0070.jpg,1152,864,monitor,883,301,1040,513
0070.jpg,1152,864,drawer chest,470,471,690,774
0070.jpg,1152,864,water dispenser,310,383,467,748
0070.jpg,1152,864,scuttlebutt,305,200,452,390
0070.jpg,1152,864,scuttlebutt,104,562,263,834
0070.jpg,1152,864,scuttlebutt,1,584,80,801
0139.jpg,1152,864,computer,882,253,1013,489
0139.jpg,1152,864,computer,731,244,879,511
0139.jpg,1152,864,computer,587,260,693,504
0139.jpg,1152,864,monitor,719,38,950,293
0139.jpg,1152,864,drawer chest,328,225,548,518
0139.jpg,1152,864,water dispenser,113,136,310,465
0139.jpg,1152,864,scuttlebutt,95,1,246,140
0139.jpg,1152,864,scuttlebutt,1,286,113,520
0123.jpg,1152,864,computer,852,381,981,627
0123.jpg,1152,864,computer,702,371,832,628
0123.jpg,1152,864,computer,538,380,637,624
0123.jpg,1152,864,monitor,647,167,890,412
0123.jpg,1152,864,drawer chest,269,353,498,642
0123.jpg,1152,864,drawer chest,88,265,282,586
0123.jpg,1152,864,scuttlebutt,86,105,245,291
0123.jpg,1152,864,scuttlebutt,1,432,85,616
0028.jpg,1152,864,computer,855,396,1020,615
0028.jpg,1152,864,computer,751,396,944,663
0028.jpg,1152,864,computer,614,412,770,656
0028.jpg,1152,864,drawer chest,394,394,625,704
0028.jpg,1152,864,monitor,750,208,987,438
0028.jpg,1152,864,water dispenser,128,308,334,699
0028.jpg,1152,864,scuttlebutt,113,105,292,319
0028.jpg,1152,864,scuttlebutt,1,539,100,786
0060.jpg,1152,864,computer,955,466,1110,696
0060.jpg,1152,864,computer,785,454,926,704
0060.jpg,1152,864,computer,629,461,774,683
0060.jpg,1152,864,monitor,739,286,975,492
0060.jpg,1152,864,drawer chest,407,428,591,651
0060.jpg,1152,864,water dispenser,331,370,460,622
0060.jpg,1152,864,scuttlebutt,327,241,435,377
0060.jpg,1152,864,scuttlebutt,220,471,318,639
0060.jpg,1152,864,scuttlebutt,166,457,248,620
0060.jpg,1152,864,scuttlebutt,52,458,145,603
0125.jpg,1152,864,computer,911,412,1046,702
0125.jpg,1152,864,computer,734,386,871,694
0125.jpg,1152,864,computer,537,384,670,664
0125.jpg,1152,864,monitor,678,153,983,438
0125.jpg,1152,864,drawer chest,261,341,518,641
0125.jpg,1152,864,water dispenser,132,238,296,556
0125.jpg,1152,864,scuttlebutt,109,67,274,246
0125.jpg,1152,864,scuttlebutt,1,369,119,578
0061.jpg,1152,864,computer,871,355,1016,638
0061.jpg,1152,864,computer,685,368,836,619
0061.jpg,1152,864,monitor,818,152,1105,413
0061.jpg,1152,864,computer,1064,371,1152,619
0061.jpg,1152,864,drawer chest,414,332,637,612
0061.jpg,1152,864,water dispenser,349,261,483,551
0061.jpg,1152,864,scuttlebutt,333,114,455,274
0061.jpg,1152,864,scuttlebutt,227,382,329,568
0061.jpg,1152,864,scuttlebutt,150,363,253,542
0061.jpg,1152,864,scuttlebutt,42,371,150,520
0069.jpg,1152,864,computer,958,502,1150,774
0069.jpg,1152,864,computer,817,519,951,785
0069.jpg,1152,864,monitor,971,325,1152,556
0069.jpg,1152,864,drawer chest,561,496,774,811
0069.jpg,1152,864,water dispenser,400,418,550,788
0069.jpg,1152,864,scuttlebutt,405,239,538,436
0069.jpg,1152,864,scuttlebutt,207,584,356,861
0069.jpg,1152,864,scuttlebutt,30,567,183,826
0130.jpg,1152,864,computer,936,459,1068,732
0130.jpg,1152,864,computer,767,438,888,729
0130.jpg,1152,864,computer,584,440,704,698
0130.jpg,1152,864,monitor,692,228,975,493
0130.jpg,1152,864,drawer chest,333,403,564,688
0130.jpg,1152,864,water dispenser,211,318,360,613
0130.jpg,1152,864,scuttlebutt,200,166,337,325
0130.jpg,1152,864,scuttlebutt,84,440,207,627
0130.jpg,1152,864,scuttlebutt,21,419,118,611
0003.jpg,1152,864,computer,585,445,745,693
0003.jpg,1152,864,computer,712,434,911,699
0003.jpg,1152,864,computer,837,431,979,641
0003.jpg,1152,864,drawer chest,365,440,607,746
0003.jpg,1152,864,water dispenser,107,354,294,730
0003.jpg,1152,864,scuttlebutt,100,138,258,353
0003.jpg,1152,864,scuttlebutt,1,576,62,828
0003.jpg,1152,864,monitor,711,253,934,457
0117.jpg,1152,864,computer,863,546,979,763
0117.jpg,1152,864,computer,732,524,848,760
0117.jpg,1152,864,computer,595,522,679,738
0117.jpg,1152,864,monitor,702,360,924,562
0117.jpg,1152,864,drawer chest,370,484,564,733
0117.jpg,1152,864,water dispenser,232,402,369,677
0117.jpg,1152,864,scuttlebutt,239,260,372,425
0117.jpg,1152,864,scuttlebutt,78,507,190,702
0117.jpg,1152,864,scuttlebutt,7,480,98,664
0041.jpg,1152,864,computer,836,384,1043,602
0041.jpg,1152,864,computer,728,385,867,638
0041.jpg,1152,864,computer,564,388,696,653
0041.jpg,1152,864,monitor,687,202,904,431
0041.jpg,1152,864,drawer chest,250,387,504,674
0041.jpg,1152,864,water dispenser,128,316,310,633
0041.jpg,1152,864,scuttlebutt,107,132,254,331
0041.jpg,1152,864,scuttlebutt,1,476,117,701
0091.jpg,1152,864,computer,953,393,1152,622
0091.jpg,1152,864,computer,815,387,1001,662
0091.jpg,1152,864,computer,663,401,785,687
0091.jpg,1152,864,monitor,809,180,1028,438
0091.jpg,1152,864,drawer chest,326,389,587,723
0091.jpg,1152,864,water dispenser,157,298,354,707
0091.jpg,1152,864,scuttlebutt,130,83,308,306
0091.jpg,1152,864,scuttlebutt,1,478,134,784
0047.jpg,1152,864,computer,920,419,1123,635
0047.jpg,1152,864,computer,808,421,984,685
0047.jpg,1152,864,computer,675,434,795,689
0047.jpg,1152,864,computer,815,238,987,467
0047.jpg,1152,864,computer,384,435,614,754
0047.jpg,1152,864,water dispenser,200,332,394,722
0047.jpg,1152,864,scuttlebutt,189,125,366,356
0047.jpg,1152,864,scuttlebutt,2,534,176,817
0030.jpg,1152,864,computer,820,387,997,583
0030.jpg,1152,864,computer,706,388,863,621
0030.jpg,1152,864,computer,581,388,692,633
0030.jpg,1152,864,monitor,706,207,880,419
0030.jpg,1152,864,drawer chest,288,389,525,701
0030.jpg,1152,864,water dispenser,111,306,298,661
0030.jpg,1152,864,scuttlebutt,92,96,267,308
0030.jpg,1152,864,scuttlebutt,1,521,94,771
0152.jpg,1152,864,computer,1011,405,1141,673
0152.jpg,1152,864,computer,846,385,979,668
0152.jpg,1152,864,computer,664,388,799,626
0152.jpg,1152,864,monitor,787,201,1048,431
0152.jpg,1152,864,drawer chest,444,360,656,609
0152.jpg,1152,864,water dispenser,323,281,469,556
0152.jpg,1152,864,scuttlebutt,320,146,441,300
0152.jpg,1152,864,scuttlebutt,212,395,308,566
0152.jpg,1152,864,scuttlebutt,151,370,245,533
0152.jpg,1152,864,scuttlebutt,51,371,146,517
0109.jpg,1152,864,computer,891,431,1015,640
0109.jpg,1152,864,computer,764,418,882,639
0109.jpg,1152,864,computer,630,412,713,632
0109.jpg,1152,864,drawer chest,419,403,600,640
0109.jpg,1152,864,water dispenser,269,334,405,597
0109.jpg,1152,864,scuttlebutt,263,194,372,339
0109.jpg,1152,864,scuttlebutt,136,447,246,617
0109.jpg,1152,864,scuttlebutt,56,427,142,602
0109.jpg,1152,864,scuttlebutt,1,455,39,593
0109.jpg,1152,864,monitor,718,259,931,452
0099.jpg,1152,864,computer,918,425,1097,749
0099.jpg,1152,864,computer,749,435,870,744
0099.jpg,1152,864,monitor,914,230,1134,485
0099.jpg,1152,864,drawer chest,432,421,671,749
0099.jpg,1152,864,water dispenser,279,327,451,708
0099.jpg,1152,864,scuttlebutt,283,118,428,330
0099.jpg,1152,864,scuttlebutt,76,490,229,763
0099.jpg,1152,864,scuttlebutt,1,530,80,738
0008.jpg,1152,864,computer,702,483,829,768
0008.jpg,1152,864,computer,492,466,688,772
0008.jpg,1152,864,computer,381,458,536,709
0008.jpg,1152,864,monitor,483,266,737,520
0008.jpg,1152,864,drawer chest,135,417,391,694
0008.jpg,1152,864,water dispenser,69,328,209,622
0008.jpg,1152,864,scuttlebutt,59,182,201,344
0008.jpg,1152,864,scuttlebutt,4,463,60,632
0092.jpg,1152,864,computer,900,404,1090,638
0092.jpg,1152,864,computer,782,405,973,668
0092.jpg,1152,864,computer,652,419,770,679
0092.jpg,1152,864,drawer chest,368,405,594,737
0092.jpg,1152,864,water dispenser,181,318,365,699
0092.jpg,1152,864,scuttlebutt,158,98,331,335
0092.jpg,1152,864,scuttlebutt,1,505,143,814
0092.jpg,1152,864,monitor,805,220,974,442
0018.jpg,1152,864,computer,891,474,1004,723
0018.jpg,1152,864,computer,722,453,860,728
0018.jpg,1152,864,computer,579,449,696,690
0018.jpg,1152,864,monitor,679,273,930,506
0018.jpg,1152,864,drawer chest,345,419,560,673
0018.jpg,1152,864,water dispenser,239,339,391,611
0018.jpg,1152,864,scuttlebutt,247,197,361,350
0018.jpg,1152,864,scuttlebutt,116,445,219,620
0018.jpg,1152,864,scuttlebutt,57,425,148,587
0018.jpg,1152,864,scuttlebutt,1,448,52,575
0076.jpg,1152,864,computer,857,324,1032,520
0076.jpg,1152,864,computer,763,327,917,551
0076.jpg,1152,864,computer,629,348,740,573
0076.jpg,1152,864,drawer chest,352,331,591,637
0076.jpg,1152,864,water dispenser,171,227,369,613
0076.jpg,1152,864,scuttlebutt,155,43,317,251
0076.jpg,1152,864,scuttlebutt,1,436,174,716
0076.jpg,1152,864,monitor,758,142,923,364
0077.jpg,1152,864,computer,958,430,1124,781
0077.jpg,1152,864,computer,760,419,899,716
0077.jpg,1152,864,monitor,943,226,1152,488
0077.jpg,1152,864,drawer chest,461,369,691,668
0077.jpg,1152,864,water dispenser,374,276,523,593
0077.jpg,1152,864,scuttlebutt,388,99,520,298
0077.jpg,1152,864,scuttlebutt,214,392,335,607
0077.jpg,1152,864,scuttlebutt,117,362,229,568
0077.jpg,1152,864,scuttlebutt,1,352,102,547
0079.jpg,1152,864,computer,900,361,1046,588
0079.jpg,1152,864,computer,725,354,858,594
0079.jpg,1152,864,computer,572,358,702,573
0079.jpg,1152,864,monitor,685,174,927,393
0079.jpg,1152,864,drawer chest,327,326,548,576
0079.jpg,1152,864,water dispenser,247,256,393,526
0079.jpg,1152,864,scuttlebutt,249,116,368,280
0079.jpg,1152,864,scuttlebutt,136,371,254,550
0079.jpg,1152,864,scuttlebutt,77,356,172,536
0079.jpg,1152,864,scuttlebutt,1,383,72,516
0001.jpg,1152,864,computer,518,409,631,660
0001.jpg,1152,864,computer,669,401,821,690
0001.jpg,1152,864,computer,799,409,941,645
0001.jpg,1152,864,monitor,627,190,890,440
0001.jpg,1152,864,drawer chest,238,370,469,678
0001.jpg,1152,864,water dispenser,14,284,231,639
0001.jpg,1152,864,scuttlebutt,17,88,202,301
0000.jpg,1152,864,computer,462,493,604,727
0000.jpg,1152,864,computer,656,486,809,788
0000.jpg,1152,864,computer,836,465,995,755
0000.jpg,1152,864,monitor,588,209,894,474
0000.jpg,1152,864,drawer chest,140,422,432,732
0000.jpg,1152,864,water dispenser,14,310,193,663
0000.jpg,1152,864,scuttlebutt,21,127,170,325
0029.jpg,1152,864,computer,907,473,1078,708
0029.jpg,1152,864,computer,794,476,999,765
0029.jpg,1152,864,computer,648,488,824,763
0029.jpg,1152,864,drawer chest,422,474,673,805
0029.jpg,1152,864,water dispenser,165,401,361,800
0029.jpg,1152,864,scuttlebutt,154,192,323,418
0029.jpg,1152,864,scuttlebutt,1,579,121,863
0029.jpg,1152,864,monitor,793,290,1035,540
0050.jpg,1152,864,computer,942,441,1114,639
0050.jpg,1152,864,computer,831,440,990,677
0050.jpg,1152,864,computer,695,453,824,701
0050.jpg,1152,864,monitor,827,268,999,480
0050.jpg,1152,864,drawer chest,454,447,670,739
0050.jpg,1152,864,water dispenser,295,372,452,714
0050.jpg,1152,864,scuttlebutt,300,198,443,398
0050.jpg,1152,864,scuttlebutt,106,538,263,799
0050.jpg,1152,864,scuttlebutt,1,535,97,777
0020.jpg,1152,864,scuttlebutt,1,495,34,636
0020.jpg,1152,864,scuttlebutt,53,183,185,345
0020.jpg,1152,864,water dispenser,49,334,202,628
0020.jpg,1152,864,drawer chest,163,416,392,695
0020.jpg,1152,864,monitor,520,271,756,509
0020.jpg,1152,864,computer,725,473,817,713
0020.jpg,1152,864,computer,556,459,688,743
0020.jpg,1152,864,computer,426,451,540,705
0039.jpg,1152,864,computer,870,360,1071,656
0039.jpg,1152,864,computer,661,347,831,650
0039.jpg,1152,864,computer,467,346,650,631
0039.jpg,1152,864,monitor,622,118,923,403
0039.jpg,1152,864,drawer chest,147,309,433,606
0039.jpg,1152,864,water dispenser,74,210,250,547
0039.jpg,1152,864,scuttlebutt,53,22,222,230
0039.jpg,1152,864,scuttlebutt,1,368,85,562
0120.jpg,1152,864,computer,1006,522,1131,766
0120.jpg,1152,864,computer,867,513,993,757
0120.jpg,1152,864,computer,715,502,796,736
0120.jpg,1152,864,monitor,823,335,1066,547
0120.jpg,1152,864,drawer chest,506,463,682,699
0120.jpg,1152,864,water dispenser,364,387,475,651
0120.jpg,1152,864,scuttlebutt,376,257,487,400
0120.jpg,1152,864,scuttlebutt,226,482,327,664
0120.jpg,1152,864,scuttlebutt,147,467,245,640
0120.jpg,1152,864,scuttlebutt,27,462,123,614
0057.jpg,1152,864,computer,868,558,1001,789
0057.jpg,1152,864,computer,702,540,845,776
0057.jpg,1152,864,computer,562,533,701,751
0057.jpg,1152,864,monitor,672,386,893,581
0057.jpg,1152,864,drawer chest,344,488,533,714
0057.jpg,1152,864,water dispenser,303,412,428,667
0057.jpg,1152,864,scuttlebutt,305,290,405,424
0057.jpg,1152,864,scuttlebutt,191,503,284,665
0057.jpg,1152,864,scuttlebutt,134,484,227,635
0057.jpg,1152,864,scuttlebutt,39,475,127,612
0051.jpg,1152,864,computer,929,350,1152,736
0051.jpg,1152,864,monitor,949,121,1152,423
0051.jpg,1152,864,computer,752,351,893,684
0051.jpg,1152,864,drawer chest,399,296,652,667
0051.jpg,1152,864,water dispenser,268,172,453,575
0051.jpg,1152,864,scuttlebutt,261,1,450,191
0051.jpg,1152,864,scuttlebutt,59,332,228,600
0051.jpg,1152,864,scuttlebutt,1,283,96,559
0081.jpg,1152,864,computer,805,527,935,744
0081.jpg,1152,864,computer,647,509,786,752
0081.jpg,1152,864,computer,508,513,636,719
0081.jpg,1152,864,monitor,610,362,826,543
0081.jpg,1152,864,drawer chest,288,474,477,698
0081.jpg,1152,864,water dispenser,241,411,363,666
0081.jpg,1152,864,scuttlebutt,244,289,336,430
0081.jpg,1152,864,scuttlebutt,103,502,206,671
0081.jpg,1152,864,scuttlebutt,46,488,136,666
0081.jpg,1152,864,scuttlebutt,1,503,40,632
0112.jpg,1152,864,computer,991,466,1122,709
0112.jpg,1152,864,computer,814,446,912,669
0112.jpg,1152,864,monitor,954,271,1152,496
0112.jpg,1152,864,drawer chest,616,415,795,658
0112.jpg,1152,864,water dispenser,478,340,588,598
0112.jpg,1152,864,scuttlebutt,491,219,601,349
0112.jpg,1152,864,scuttlebutt,357,438,448,606
0112.jpg,1152,864,scuttlebutt,281,422,365,577
0112.jpg,1152,864,scuttlebutt,182,416,258,561
0107.jpg,1152,864,computer,927,434,1062,657
0107.jpg,1152,864,computer,793,415,935,656
0107.jpg,1152,864,computer,641,411,751,644
0107.jpg,1152,864,monitor,757,232,986,452
0107.jpg,1152,864,drawer chest,431,382,616,639
0107.jpg,1152,864,water dispenser,255,305,400,592
0107.jpg,1152,864,scuttlebutt,262,149,398,318
0107.jpg,1152,864,scuttlebutt,117,419,225,614
0107.jpg,1152,864,scuttlebutt,22,402,140,589
0118.jpg,1152,864,computer,1048,493,1152,708
0118.jpg,1152,864,computer,904,471,1047,717
0118.jpg,1152,864,computer,756,469,851,694
0118.jpg,1152,864,monitor,873,294,1109,506
0118.jpg,1152,864,drawer chest,545,427,732,683
0118.jpg,1152,864,water dispenser,408,353,534,622
0118.jpg,1152,864,scuttlebutt,420,225,531,370
0118.jpg,1152,864,scuttlebutt,272,453,378,629
0118.jpg,1152,864,scuttlebutt,203,438,295,606
0118.jpg,1152,864,scuttlebutt,90,437,178,596
0098.jpg,1152,864,computer,912,498,1067,806
0098.jpg,1152,864,drawer chest,599,448,830,814
0098.jpg,1152,864,water dispenser,433,353,585,743
0098.jpg,1152,864,scuttlebutt,450,146,602,362
0098.jpg,1152,864,scuttlebutt,223,509,374,788
0098.jpg,1152,864,scuttlebutt,55,481,208,741
0066.jpg,1152,864,computer,968,373,1152,666
0066.jpg,1152,864,monitor,996,177,1152,402
0066.jpg,1152,864,computer,811,387,968,666
0066.jpg,1152,864,drawer chest,534,377,794,690
0066.jpg,1152,864,water dispenser,358,277,547,666
0066.jpg,1152,864,scuttlebutt,343,57,522,292
0066.jpg,1152,864,scuttlebutt,160,464,325,735
0066.jpg,1152,864,scuttlebutt,1,443,119,708
0002.jpg,1152,864,computer,585,439,726,697
0002.jpg,1152,864,computer,732,429,912,707
0002.jpg,1152,864,computer,863,442,1004,655
0002.jpg,1152,864,monitor,702,230,961,465
0002.jpg,1152,864,drawer chest,361,411,583,708
0002.jpg,1152,864,water dispenser,128,328,317,680
0002.jpg,1152,864,scuttlebutt,115,133,287,342
0002.jpg,1152,864,scuttlebutt,2,524,77,749
0040.jpg,1152,864,computer,864,336,1069,580
0040.jpg,1152,864,computer,713,329,833,601
0040.jpg,1152,864,computer,528,338,676,582
0040.jpg,1152,864,monitor,662,129,914,369
0040.jpg,1152,864,drawer chest,219,313,478,584
0040.jpg,1152,864,water dispenser,111,207,289,537
0040.jpg,1152,864,scuttlebutt,94,30,263,233
0040.jpg,1152,864,scuttlebutt,1,362,113,577
0115.jpg,1152,864,computer,956,594,1080,822
0115.jpg,1152,864,computer,811,570,943,814
0115.jpg,1152,864,computer,667,561,774,807
0115.jpg,1152,864,monitor,776,397,970,602
0115.jpg,1152,864,drawer chest,464,528,631,799
0115.jpg,1152,864,water dispenser,320,467,442,738
0115.jpg,1152,864,scuttlebutt,330,334,433,475
0115.jpg,1152,864,scuttlebutt,169,566,280,751
0115.jpg,1152,864,scuttlebutt,89,551,182,753
0115.jpg,1152,864,scuttlebutt,1,553,78,711
0049.jpg,1152,864,computer,895,572,1070,771
0049.jpg,1152,864,computer,784,568,956,812
0049.jpg,1152,864,computer,662,587,786,823
0049.jpg,1152,864,drawer chest,407,575,622,864
0049.jpg,1152,864,water dispenser,257,483,408,853
0049.jpg,1152,864,scuttlebutt,257,318,399,508
0049.jpg,1152,864,scuttlebutt,54,658,206,864
0049.jpg,1152,864,monitor,780,409,940,616
0005.jpg,1152,864,computer,618,526,778,792
0005.jpg,1152,864,computer,758,514,951,800
0005.jpg,1152,864,computer,885,507,1043,754
0005.jpg,1152,864,monitor,749,333,978,549
0005.jpg,1152,864,drawer chest,389,511,632,826
0005.jpg,1152,864,scuttlebutt,145,235,302,436
0005.jpg,1152,864,scuttlebutt,1,643,92,858
0005.jpg,1152,864,water dispenser,129,429,320,799
0025.jpg,1152,864,computer,841,404,977,705
0025.jpg,1152,864,computer,638,378,802,720
0025.jpg,1152,864,computer,468,377,614,669
0025.jpg,1152,864,drawer chest,174,332,454,637
0025.jpg,1152,864,water dispenser,56,226,239,559
0025.jpg,1152,864,scuttlebutt,51,43,202,232
0025.jpg,1152,864,scuttlebutt,1,385,53,570
0025.jpg,1152,864,monitor,588,146,913,449
0108.jpg,1152,864,computer,1012,446,1150,668
0108.jpg,1152,864,computer,877,435,1019,675
0108.jpg,1152,864,computer,729,431,830,653
0108.jpg,1152,864,monitor,831,272,1062,471
0108.jpg,1152,864,drawer chest,533,425,699,665
0108.jpg,1152,864,water dispenser,389,354,514,611
0108.jpg,1152,864,scuttlebutt,382,233,486,371
0108.jpg,1152,864,scuttlebutt,258,471,360,638
0108.jpg,1152,864,scuttlebutt,183,447,275,613
0108.jpg,1152,864,scuttlebutt,61,471,180,627
0114.jpg,1152,864,computer,957,450,1076,671
0114.jpg,1152,864,computer,820,422,938,665
0114.jpg,1152,864,computer,679,419,754,648
0114.jpg,1152,864,monitor,793,258,992,465
0114.jpg,1152,864,drawer chest,472,389,642,631
0114.jpg,1152,864,water dispenser,331,311,441,590
0114.jpg,1152,864,scuttlebutt,337,175,444,315
0114.jpg,1152,864,scuttlebutt,190,409,292,588
0114.jpg,1152,864,scuttlebutt,110,392,201,561
0114.jpg,1152,864,scuttlebutt,1,385,95,546
0121.jpg,1152,864,computer,921,540,1048,756
0121.jpg,1152,864,computer,785,517,919,761
0121.jpg,1152,864,computer,650,523,735,737
0121.jpg,1152,864,monitor,750,359,963,560
0121.jpg,1152,864,drawer chest,433,492,617,751
0121.jpg,1152,864,water dispenser,285,418,413,691
0121.jpg,1152,864,scuttlebutt,297,286,404,425
0121.jpg,1152,864,scuttlebutt,141,528,245,712
0121.jpg,1152,864,scuttlebutt,59,513,156,670
0121.jpg,1152,864,scuttlebutt,1,533,44,678
0074.jpg,1152,864,drawer chest,858,426,1101,778
0074.jpg,1152,864,water dispenser,704,332,832,686
0074.jpg,1152,864,scuttlebutt,719,147,850,348
0074.jpg,1152,864,scuttlebutt,512,485,635,736
0074.jpg,1152,864,scuttlebutt,367,457,484,678
0074.jpg,1152,864,scuttlebutt,178,455,308,682
0133.jpg,1152,864,monitor,1047,155,1152,410
0133.jpg,1152,864,computer,913,387,1065,657
0133.jpg,1152,864,drawer chest,656,366,900,674
0133.jpg,1152,864,water dispenser,479,316,644,614
0133.jpg,1152,864,scuttlebutt,464,173,596,346
0133.jpg,1152,864,scuttlebutt,376,455,481,642
0133.jpg,1152,864,scuttlebutt,280,447,393,617
0133.jpg,1152,864,scuttlebutt,158,464,273,639
0072.jpg,1152,864,computer,952,437,1133,700
0072.jpg,1152,864,computer,814,450,952,708
0072.jpg,1152,864,monitor,973,258,1150,481
0072.jpg,1152,864,drawer chest,556,435,772,735
0072.jpg,1152,864,water dispenser,396,354,547,704
0072.jpg,1152,864,scuttlebutt,389,157,536,366
0072.jpg,1152,864,scuttlebutt,198,516,369,780
0072.jpg,1152,864,scuttlebutt,26,509,173,761
0058.jpg,1152,864,computer,927,497,1084,743
0058.jpg,1152,864,computer,754,471,898,744
0058.jpg,1152,864,computer,614,477,759,682
0058.jpg,1152,864,monitor,734,323,960,531
0058.jpg,1152,864,drawer chest,399,438,588,667
0058.jpg,1152,864,water dispenser,351,370,479,604
0058.jpg,1152,864,scuttlebutt,352,248,454,383
0058.jpg,1152,864,scuttlebutt,237,460,334,619
0058.jpg,1152,864,scuttlebutt,183,438,278,582
0058.jpg,1152,864,scuttlebutt,90,432,172,567
0059.jpg,1152,864,computer,938,471,1084,704
0059.jpg,1152,864,computer,761,458,906,698
0059.jpg,1152,864,computer,608,454,752,664
0059.jpg,1152,864,monitor,725,285,976,498
0059.jpg,1152,864,drawer chest,388,417,588,660
0059.jpg,1152,864,water dispenser,327,347,474,607
0059.jpg,1152,864,scuttlebutt,332,213,436,370
0059.jpg,1152,864,scuttlebutt,218,444,313,605
0059.jpg,1152,864,scuttlebutt,162,427,252,574
0059.jpg,1152,864,scuttlebutt,61,423,154,570
0149.jpg,1152,864,computer,857,587,957,851
0149.jpg,1152,864,computer,699,553,807,837
0149.jpg,1152,864,computer,531,548,654,805
0149.jpg,1152,864,monitor,650,384,886,599
0149.jpg,1152,864,drawer chest,316,511,536,781
0149.jpg,1152,864,water dispenser,208,426,344,705
0149.jpg,1152,864,scuttlebutt,220,294,326,437
0149.jpg,1152,864,scuttlebutt,80,521,177,706
0149.jpg,1152,864,scuttlebutt,19,505,104,676
0031.jpg,1152,864,computer,820,377,997,580
0031.jpg,1152,864,computer,714,380,873,619
0031.jpg,1152,864,computer,589,378,701,630
0031.jpg,1152,864,monitor,708,189,883,415
0031.jpg,1152,864,drawer chest,291,375,527,672
0031.jpg,1152,864,water dispenser,109,289,302,657
0031.jpg,1152,864,scuttlebutt,90,80,277,313
0031.jpg,1152,864,scuttlebutt,1,518,83,752
0106.jpg,1152,864,computer,829,500,1004,754
0106.jpg,1152,864,computer,695,482,871,773
0106.jpg,1152,864,monitor,659,295,898,536
0106.jpg,1152,864,computer,543,499,663,782
0106.jpg,1152,864,drawer chest,263,471,497,811
0106.jpg,1152,864,water dispenser,40,391,223,757
0106.jpg,1152,864,scuttlebutt,22,194,206,399
0023.jpg,1152,864,computer,962,460,1093,769
0023.jpg,1152,864,computer,737,437,918,795
0023.jpg,1152,864,computer,573,422,718,723
0023.jpg,1152,864,drawer chest,299,385,550,680
0023.jpg,1152,864,water dispenser,195,285,363,599
0023.jpg,1152,864,scuttlebutt,196,119,325,295
0023.jpg,1152,864,scuttlebutt,59,407,183,612
0023.jpg,1152,864,scuttlebutt,1,385,109,569
0023.jpg,1152,864,monitor,692,198,1023,501
0105.jpg,1152,864,computer,1052,464,1152,730
0105.jpg,1152,864,computer,877,441,1074,753
0105.jpg,1152,864,computer,720,452,852,732
0105.jpg,1152,864,monitor,869,227,1129,518
0105.jpg,1152,864,drawer chest,460,411,681,736
0105.jpg,1152,864,water dispenser,258,325,425,677
0105.jpg,1152,864,scuttlebutt,250,140,406,348
0105.jpg,1152,864,scuttlebutt,77,464,216,713
0105.jpg,1152,864,scuttlebutt,1,452,92,704
0127.jpg,1152,864,computer,805,460,916,737
0127.jpg,1152,864,computer,629,432,760,714
0127.jpg,1152,864,computer,460,428,604,683
0127.jpg,1152,864,monitor,581,230,848,482
0127.jpg,1152,864,drawer chest,224,381,461,663
0127.jpg,1152,864,water dispenser,119,291,275,588
0127.jpg,1152,864,scuttlebutt,112,142,247,309
0127.jpg,1152,864,scuttlebutt,3,398,110,587
0037.jpg,1152,864,computer,769,351,918,620
0037.jpg,1152,864,computer,538,337,742,627
0037.jpg,1152,864,computer,373,333,572,574
0037.jpg,1152,864,monitor,499,117,787,378
0037.jpg,1152,864,drawer chest,105,294,387,570
0037.jpg,1152,864,scuttlebutt,43,37,196,222
0037.jpg,1152,864,water dispenser,66,200,233,509
0037.jpg,1152,864,scuttlebutt,1,346,94,514
0150.jpg,1152,864,computer,933,474,1050,736
0150.jpg,1152,864,computer,776,438,896,717
0150.jpg,1152,864,computer,609,424,724,652
0150.jpg,1152,864,monitor,745,242,1009,484
0150.jpg,1152,864,drawer chest,399,351,603,633
0150.jpg,1152,864,water dispenser,302,269,414,552
0150.jpg,1152,864,scuttlebutt,314,131,428,293
0150.jpg,1152,864,scuttlebutt,160,360,269,544
0150.jpg,1152,864,scuttlebutt,113,342,196,498
0150.jpg,1152,864,scuttlebutt,14,320,103,482
0071.jpg,1152,864,computer,910,444,1096,648
0071.jpg,1152,864,computer,803,440,971,684
0071.jpg,1152,864,computer,675,454,799,707
0071.jpg,1152,864,monitor,815,267,988,488
0071.jpg,1152,864,drawer chest,415,456,634,759
0071.jpg,1152,864,water dispenser,243,363,423,733
0071.jpg,1152,864,scuttlebutt,238,184,387,384
0071.jpg,1152,864,scuttlebutt,36,548,214,833
0088.jpg,1152,864,computer,760,327,989,636
0088.jpg,1152,864,computer,576,317,727,666
0088.jpg,1152,864,computer,315,334,533,662
0088.jpg,1152,864,monitor,496,58,815,380
0088.jpg,1152,864,drawer chest,1,310,275,679
0065.jpg,1152,864,computer,930,307,1150,535
0065.jpg,1152,864,computer,809,309,980,578
0065.jpg,1152,864,computer,671,334,792,588
0065.jpg,1152,864,monitor,821,108,1009,367
0065.jpg,1152,864,drawer chest,378,315,613,642
0065.jpg,1152,864,water dispenser,196,237,397,611
0065.jpg,1152,864,scuttlebutt,155,26,355,251
0065.jpg,1152,864,scuttlebutt,8,442,191,712
0027.jpg,1152,864,computer,880,406,1051,653
0027.jpg,1152,864,computer,751,409,936,691
0027.jpg,1152,864,computer,591,416,750,693
0027.jpg,1152,864,drawer chest,344,392,586,713
0027.jpg,1152,864,water dispenser,75,301,285,685
0027.jpg,1152,864,scuttlebutt,63,95,248,310
0027.jpg,1152,864,scuttlebutt,1,541,55,755
0027.jpg,1152,864,monitor,738,210,994,459
0138.jpg,1152,864,computer,866,398,1016,623
0138.jpg,1152,864,computer,729,383,872,631
0138.jpg,1152,864,computer,580,399,689,639
0138.jpg,1152,864,monitor,713,214,929,426
0138.jpg,1152,864,drawer chest,347,371,549,651
0138.jpg,1152,864,water dispenser,133,290,310,603
0138.jpg,1152,864,scuttlebutt,125,119,275,298
0138.jpg,1152,864,scuttlebutt,1,431,108,655
0080.jpg,1152,864,computer,895,359,1038,584
0080.jpg,1152,864,computer,727,334,856,573
0080.jpg,1152,864,monitor,717,164,945,373
0080.jpg,1152,864,computer,585,338,726,544
0080.jpg,1152,864,drawer chest,352,298,553,528
0080.jpg,1152,864,water dispenser,297,221,416,487
0080.jpg,1152,864,scuttlebutt,293,80,410,251
0080.jpg,1152,864,scuttlebutt,174,323,283,490
0080.jpg,1152,864,scuttlebutt,112,308,230,480
0080.jpg,1152,864,scuttlebutt,10,301,118,448
0124.jpg,1152,864,computer,883,401,1031,661
0124.jpg,1152,864,computer,729,377,864,667
0124.jpg,1152,864,computer,545,384,655,646
0124.jpg,1152,864,monitor,668,166,937,425
0124.jpg,1152,864,drawer chest,274,349,510,648
0124.jpg,1152,864,water dispenser,111,261,298,579
0124.jpg,1152,864,scuttlebutt,100,83,242,269
0124.jpg,1152,864,scuttlebutt,1,405,97,611
0090.jpg,1152,864,computer,923,388,1144,652
0090.jpg,1152,864,computer,777,388,941,690
0090.jpg,1152,864,computer,606,395,725,694
0090.jpg,1152,864,monitor,761,165,1006,442
0090.jpg,1152,864,drawer chest,236,370,506,725
0090.jpg,1152,864,water dispenser,63,277,284,662
0090.jpg,1152,864,scuttlebutt,40,52,238,287
0022.jpg,1152,864,computer,822,441,941,750
0022.jpg,1152,864,computer,602,421,776,783
0022.jpg,1152,864,computer,447,414,592,702
0022.jpg,1152,864,monitor,563,191,877,484
0022.jpg,1152,864,drawer chest,138,377,431,694
0022.jpg,1152,864,water dispenser,29,269,200,610
0022.jpg,1152,864,scuttlebutt,28,78,175,283
0034.jpg,1152,864,computer,862,523,1045,788
0034.jpg,1152,864,computer,687,496,827,816
0034.jpg,1152,864,computer,504,504,654,769
0034.jpg,1152,864,monitor,634,313,906,554
0034.jpg,1152,864,drawer chest,191,462,445,763
0034.jpg,1152,864,water dispenser,109,377,259,710
0034.jpg,1152,864,scuttlebutt,113,210,265,380
0034.jpg,1152,864,scuttlebutt,1,543,80,724
0021.jpg,1152,864,computer,716,381,811,613
0021.jpg,1152,864,computer,552,363,686,645
0021.jpg,1152,864,computer,414,365,532,596
0021.jpg,1152,864,monitor,504,174,758,413
0021.jpg,1152,864,drawer chest,150,332,390,589
0021.jpg,1152,864,water dispenser,25,247,194,545
0021.jpg,1152,864,scuttlebutt,18,90,166,259
0017.jpg,1152,864,computer,773,452,867,682
0017.jpg,1152,864,computer,594,436,728,715
0017.jpg,1152,864,computer,462,435,581,672
0017.jpg,1152,864,monitor,553,253,793,481
0017.jpg,1152,864,drawer chest,218,405,443,664
0017.jpg,1152,864,water dispenser,104,327,246,608
0017.jpg,1152,864,scuttlebutt,93,178,218,328
0017.jpg,1152,864,scuttlebutt,1,451,85,637
0128.jpg,1152,864,computer,810,524,930,805
0128.jpg,1152,864,computer,636,499,766,794
0128.jpg,1152,864,computer,469,495,614,753
0128.jpg,1152,864,monitor,583,309,840,550
0128.jpg,1152,864,drawer chest,238,457,471,740
0128.jpg,1152,864,water dispenser,134,370,291,648
0128.jpg,1152,864,scuttlebutt,135,235,263,378
0128.jpg,1152,864,scuttlebutt,24,485,133,668
0128.jpg,1152,864,scuttlebutt,2,459,66,626
0116.jpg,1152,864,computer,907,626,1030,851
0116.jpg,1152,864,computer,769,600,901,846
0116.jpg,1152,864,computer,636,599,720,832
0116.jpg,1152,864,monitor,742,439,936,635
0116.jpg,1152,864,monitor,424,561,597,832
0116.jpg,1152,864,water dispenser,278,484,383,760
0116.jpg,1152,864,scuttlebutt,288,362,398,494
0116.jpg,1152,864,scuttlebutt,123,593,222,786
0116.jpg,1152,864,scuttlebutt,33,575,140,762
0044.jpg,1152,864,computer,853,424,1036,628
0044.jpg,1152,864,computer,737,423,903,677
0044.jpg,1152,864,computer,603,453,731,699
0044.jpg,1152,864,monitor,738,243,911,468
0044.jpg,1152,864,drawer chest,315,441,552,762
0044.jpg,1152,864,water dispenser,113,364,317,755
0044.jpg,1152,864,scuttlebutt,90,160,276,387
0044.jpg,1152,864,scuttlebutt,1,606,103,858
0042.jpg,1152,864,computer,843,375,1024,585
0042.jpg,1152,864,computer,726,372,880,620
0042.jpg,1152,864,computer,594,386,711,643
0042.jpg,1152,864,monitor,730,195,903,413
0042.jpg,1152,864,drawer chest,312,367,534,669
0042.jpg,1152,864,scuttlebutt,116,87,288,298
0042.jpg,1152,864,water dispenser,141,293,316,655
0042.jpg,1152,864,scuttlebutt,1,506,103,735
0085.jpg,1152,864,computer,864,547,1015,777
0085.jpg,1152,864,computer,705,531,832,769
0085.jpg,1152,864,computer,565,526,691,742
0085.jpg,1152,864,monitor,672,371,895,564
0085.jpg,1152,864,drawer chest,344,488,532,712
0085.jpg,1152,864,scuttlebutt,293,290,382,422
0085.jpg,1152,864,water dispenser,292,419,399,666
0085.jpg,1152,864,scuttlebutt,148,507,260,678
0085.jpg,1152,864,scuttlebutt,96,496,173,658
0085.jpg,1152,864,scuttlebutt,3,488,83,636
0082.jpg,1152,864,computer,922,523,1071,752
0082.jpg,1152,864,computer,756,512,901,738
0082.jpg,1152,864,computer,616,509,761,723
0082.jpg,1152,864,monitor,732,354,942,537
0082.jpg,1152,864,drawer chest,408,476,588,691
0082.jpg,1152,864,water dispenser,363,398,478,650
0082.jpg,1152,864,scuttlebutt,366,286,466,425
0082.jpg,1152,864,scuttlebutt,241,496,322,654
0082.jpg,1152,864,scuttlebutt,190,477,261,634
0082.jpg,1152,864,scuttlebutt,94,479,174,613
0062.jpg,1152,864,computer,960,373,1152,612
0062.jpg,1152,864,computer,813,377,931,652
0062.jpg,1152,864,computer,625,371,751,616
0062.jpg,1152,864,monitor,768,165,1029,402
0062.jpg,1152,864,drawer chest,343,350,579,623
0062.jpg,1152,864,water dispenser,253,277,383,590
0062.jpg,1152,864,scuttlebutt,248,116,393,276
0062.jpg,1152,864,scuttlebutt,114,405,231,604
0062.jpg,1152,864,scuttlebutt,21,391,134,567
0086.jpg,1152,864,monitor,876,416,1074,704
0086.jpg,1152,864,computer,693,396,835,705
0086.jpg,1152,864,computer,484,391,665,663
0086.jpg,1152,864,monitor,649,170,943,444
0086.jpg,1152,864,drawer chest,172,346,437,658
0086.jpg,1152,864,water dispenser,99,250,238,562
0086.jpg,1152,864,scuttlebutt,78,66,244,255
0086.jpg,1152,864,scuttlebutt,1,380,85,610
0141.jpg,1152,864,computer,928,397,1042,659
0141.jpg,1152,864,drawer chest,683,345,901,644
0141.jpg,1152,864,water dispenser,515,257,647,549
0141.jpg,1152,864,scuttlebutt,521,96,641,267
0141.jpg,1152,864,scuttlebutt,367,371,479,569
0141.jpg,1152,864,scuttlebutt,280,353,374,533
0141.jpg,1152,864,scuttlebutt,145,341,261,515
0078.jpg,1152,864,computer,921,407,1052,697
0078.jpg,1152,864,computer,735,394,866,672
0078.jpg,1152,864,monitor,899,203,1152,454
0078.jpg,1152,864,drawer chest,455,357,669,653
0078.jpg,1152,864,water dispenser,373,276,499,567
0078.jpg,1152,864,scuttlebutt,379,115,515,298
0078.jpg,1152,864,scuttlebutt,232,388,341,598
0078.jpg,1152,864,scuttlebutt,141,364,238,560
0078.jpg,1152,864,scuttlebutt,17,357,137,532
0102.jpg,1152,864,computer,891,414,1086,657
0102.jpg,1152,864,computer,769,413,953,696
0102.jpg,1152,864,computer,621,416,736,702
0102.jpg,1152,864,monitor,767,217,972,469
0102.jpg,1152,864,drawer chest,289,393,540,735
0102.jpg,1152,864,water dispenser,118,314,306,693
0102.jpg,1152,864,scuttlebutt,102,87,291,322
0102.jpg,1152,864,scuttlebutt,1,518,87,779
0103.jpg,1152,864,drawer chest,727,394,1045,842
0103.jpg,1152,864,water dispenser,495,282,675,692
0103.jpg,1152,864,scuttlebutt,500,63,673,307
0103.jpg,1152,864,scuttlebutt,308,433,453,707
0103.jpg,1152,864,scuttlebutt,203,408,334,659
0103.jpg,1152,864,scuttlebutt,47,396,186,608
0136.jpg,1152,864,computer,898,546,1068,784
0136.jpg,1152,864,computer,766,536,936,805
0136.jpg,1152,864,computer,625,542,729,804
0136.jpg,1152,864,monitor,752,364,965,581
0136.jpg,1152,864,drawer chest,385,524,602,819
0136.jpg,1152,864,water dispenser,185,453,348,757
0136.jpg,1152,864,scuttlebutt,181,276,337,457
0136.jpg,1152,864,scuttlebutt,12,597,164,805
0053.jpg,1152,864,computer,978,465,1152,732
0053.jpg,1152,864,computer,804,445,953,770
0053.jpg,1152,864,monitor,772,236,1053,516
0053.jpg,1152,864,computer,598,436,770,730
0053.jpg,1152,864,drawer chest,278,409,534,725
0053.jpg,1152,864,water dispenser,177,317,360,644
0053.jpg,1152,864,scuttlebutt,173,125,336,319
0053.jpg,1152,864,scuttlebutt,3,450,155,684
0067.jpg,1152,864,computer,1008,459,1152,743
0067.jpg,1152,864,drawer chest,726,445,955,761
0067.jpg,1152,864,water dispenser,577,344,712,706
0067.jpg,1152,864,scuttlebutt,586,165,717,369
0067.jpg,1152,864,scuttlebutt,399,502,532,754
0067.jpg,1152,864,scuttlebutt,229,479,371,721
0067.jpg,1152,864,scuttlebutt,38,482,180,714
0143.jpg,1152,864,computer,849,497,1001,763
0143.jpg,1152,864,computer,697,474,840,777
0143.jpg,1152,864,computer,532,476,630,762
0143.jpg,1152,864,monitor,659,278,902,522
0143.jpg,1152,864,drawer chest,248,443,492,755
0143.jpg,1152,864,water dispenser,64,351,241,693
0143.jpg,1152,864,scuttlebutt,64,162,232,364
0147.jpg,1152,864,computer,801,458,911,711
0147.jpg,1152,864,computer,655,440,766,689
0147.jpg,1152,864,computer,494,415,610,662
0147.jpg,1152,864,monitor,600,258,838,466
0147.jpg,1152,864,drawer chest,269,388,484,645
0147.jpg,1152,864,water dispenser,152,312,315,579
0147.jpg,1152,864,scuttlebutt,150,174,283,317
0147.jpg,1152,864,scuttlebutt,23,413,139,597
0147.jpg,1152,864,scuttlebutt,1,405,76,558
0033.jpg,1152,864,computer,845,460,1029,724
0033.jpg,1152,864,computer,675,438,800,729
0033.jpg,1152,864,computer,481,441,638,711
0033.jpg,1152,864,monitor,635,230,883,483
0033.jpg,1152,864,drawer chest,170,396,440,694
0033.jpg,1152,864,water dispenser,72,297,241,641
0033.jpg,1152,864,scuttlebutt,76,129,233,322
0033.jpg,1152,864,scuttlebutt,1,476,61,657
0004.jpg,1152,864,computer,625,492,791,743
0004.jpg,1152,864,computer,762,477,951,754
0004.jpg,1152,864,computer,881,476,1033,699
0004.jpg,1152,864,monitor,761,289,971,501
0004.jpg,1152,864,drawer chest,405,468,646,781
0004.jpg,1152,864,water dispenser,161,391,339,771
0004.jpg,1152,864,scuttlebutt,1,560,120,859
0004.jpg,1152,864,scuttlebutt,148,184,310,394
0009.jpg,1152,864,computer,813,549,944,830
0009.jpg,1152,864,computer,663,531,801,850
0009.jpg,1152,864,computer,496,522,595,811
0009.jpg,1152,864,monitor,605,333,884,607
0009.jpg,1152,864,drawer chest,193,493,446,796
0009.jpg,1152,864,water dispenser,49,394,216,716
0009.jpg,1152,864,scuttlebutt,53,227,194,419
0097.jpg,1152,864,drawer chest,674,391,982,802
0097.jpg,1152,864,water dispenser,478,268,654,724
0097.jpg,1152,864,scuttlebutt,499,3,663,289
0097.jpg,1152,864,scuttlebutt,217,486,421,820
0097.jpg,1152,864,scuttlebutt,5,447,207,766
0097.jpg,1152,864,computer,997,426,1152,755
0038.jpg,1152,864,computer,759,388,901,653
0038.jpg,1152,864,computer,531,362,736,637
0038.jpg,1152,864,computer,368,355,568,591
0038.jpg,1152,864,monitor,488,152,781,403
0038.jpg,1152,864,drawer chest,132,313,394,585
0038.jpg,1152,864,water dispenser,112,228,281,525
0038.jpg,1152,864,scuttlebutt,94,76,247,247
0038.jpg,1152,864,scuttlebutt,7,334,140,521
0038.jpg,1152,864,scuttlebutt,1,311,84,488
0126.jpg,1152,864,computer,860,428,974,712
0126.jpg,1152,864,computer,662,399,803,711
0126.jpg,1152,864,computer,476,399,627,666
0126.jpg,1152,864,monitor,608,187,911,452
0126.jpg,1152,864,drawer chest,220,358,481,661
0126.jpg,1152,864,water dispenser,105,261,276,592
0126.jpg,1152,864,scuttlebutt,96,97,247,273
0126.jpg,1152,864,scuttlebutt,1,387,99,598
0075.jpg,1152,864,computer,989,353,1152,568
0075.jpg,1152,864,computer,873,353,1037,591
0075.jpg,1152,864,computer,737,359,843,601
0075.jpg,1152,864,drawer chest,469,330,683,624
0075.jpg,1152,864,water dispenser,326,241,467,588
0075.jpg,1152,864,scuttlebutt,320,37,467,251
0075.jpg,1152,864,scuttlebutt,113,406,270,654
0075.jpg,1152,864,scuttlebutt,1,414,100,640
0075.jpg,1152,864,monitor,902,162,1074,390
